,seed_group,rand_var_12,rand_var_11,rand_var_18,rand_var_6,rand_var_2,rand_var_22,rand_var_30,rand_var_31,env_perturbation_level,rand_var_9,rand_var_1,rand_var_16,rand_var_37,rand_var_33,passed
seed_group,1.0,0.0029477042251209755,-0.0015232074172740865,0.0008841770663956255,-0.0037659989299100253,0.0022095554481761414,0.002671680554657709,0.003014924058853156,0.003179317103640057,-0.0067675857254011745,-0.0085332978769348,0.012039945448723454,0.0008626771983382853,0.006088369846680074,0.002130056810764711,-0.1080515565233315
rand_var_12,0.0029477042251209755,1.0,0.0009034726242865215,0.0015774738522036473,0.005178233985754518,0.004962175868495633,-0.010285441530441019,-0.010102234366488808,0.004422726648442253,-7.74292402472897e-05,0.0010575716392417648,0.007148913410829439,-0.0021328636069155426,0.009136838487539479,0.0071015947744403765,0.004299838932861184
rand_var_11,-0.0015232074172740865,0.0009034726242865215,1.0,-0.0004605704482853279,0.002675661690033672,-0.005606628958149524,0.0039628466290791845,-0.0010515798644922052,0.005277236685427108,-0.003958666368218082,0.009453860874531286,-0.0034174765393200643,-0.0017364035118887244,-0.0020068003898033046,-0.000436606859235712,0.0019721930340551226
rand_var_18,0.0008841770663956255,0.0015774738522036473,-0.0004605704482853279,1.0,0.009467471856573406,-0.003197377422727891,0.0014859764029581484,-0.0033509928284777704,-0.003092014986471732,-5.796728858781758e-05,0.002336746426576062,-0.001713635817633708,-0.0014516503854515993,0.0022439850541909677,-0.006037563967697892,0.0014776097539168501
rand_var_6,-0.0037659989299100253,0.005178233985754518,0.002675661690033672,0.009467471856573406,1.0,0.009324559863309037,0.0015863140300407686,-0.006885231186775959,-0.002609075084189158,0.0026295412734276885,0.002265579514559648,0.005878500449589255,0.00047375276827517083,0.004642356765884515,0.003927436279218382,-0.0019423815566025854
rand_var_2,0.0022095554481761414,0.004962175868495633,-0.005606628958149524,-0.003197377422727891,0.009324559863309037,1.0,0.003511689567029462,-0.00017354802346179518,0.0024407107281474686,0.0027788014253758066,-0.0030439701013643193,-0.001794946959876685,-0.0018941430841932754,0.00016398760992503313,0.0030368785368463814,0.0013224939929639139
rand_var_22,0.002671680554657709,-0.010285441530441019,0.0039628466290791845,0.0014859764029581484,0.0015863140300407686,0.003511689567029462,1.0,-0.0015395537818858474,0.0005151839313663992,-0.007071927187189904,-0.0014584142645294152,0.002577774227273769,0.0060738612970788666,0.0015657215889767083,-0.001510008297680271,-0.006709307627240882
rand_var_30,0.003014924058853156,-0.010102234366488808,-0.0010515798644922052,-0.0033509928284777704,-0.006885231186775959,-0.00017354802346179518,-0.0015395537818858474,1.0,0.003955230436758997,0.0019365756851719637,0.0016027540506795325,-0.007584440365535909,0.0005739224612415184,-0.005281165846840579,-0.004783688849775866,-0.002576937902247023
rand_var_31,0.003179317103640057,0.004422726648442253,0.005277236685427108,-0.003092014986471732,-0.002609075084189158,0.0024407107281474686,0.0005151839313663992,0.003955230436758997,1.0,0.010173157532960837,0.0009053095822090599,-0.000869550126951574,-0.003447816712543332,0.0032119343711859718,-0.0021621331747232217,0.0022149886959927784
env_perturbation_level,-0.0067675857254011745,-7.74292402472897e-05,-0.003958666368218082,-5.796728858781758e-05,0.0026295412734276885,0.0027788014253758066,-0.007071927187189904,0.0019365756851719637,0.010173157532960837,1.0,-7.2868770724916e-05,0.0013885878712059957,9.858500812594448e-05,-0.004486183284318826,0.00464288895649588,0.0017697993619954211
rand_var_9,-0.0085332978769348,0.0010575716392417648,0.009453860874531286,0.002336746426576062,0.002265579514559648,-0.0030439701013643193,-0.0014584142645294152,0.0016027540506795325,0.0009053095822090599,-7.2868770724916e-05,1.0,0.009151517630516868,-0.0033699270469352287,0.0003195880947368393,0.006287179559504223,-0.0019495879260964237
rand_var_1,0.012039945448723454,0.007148913410829439,-0.0034174765393200643,-0.001713635817633708,0.005878500449589255,-0.001794946959876685,0.002577774227273769,-0.007584440365535909,-0.000869550126951574,0.0013885878712059957,0.009151517630516868,1.0,-0.002252219336513687,0.0022560642108911803,0.0025824153674410635,-0.0007003163257317861
rand_var_16,0.0008626771983382853,-0.0021328636069155426,-0.0017364035118887244,-0.0014516503854515993,0.00047375276827517083,-0.0018941430841932754,0.0060738612970788666,0.0005739224612415184,-0.003447816712543332,9.858500812594448e-05,-0.0033699270469352287,-0.002252219336513687,1.0,0.0026539283038692595,-0.0009768232333099945,-0.002684301381624971
rand_var_37,0.006088369846680074,0.009136838487539479,-0.0020068003898033046,0.0022439850541909677,0.004642356765884515,0.00016398760992503313,0.0015657215889767083,-0.005281165846840579,0.0032119343711859718,-0.004486183284318826,0.0003195880947368393,0.0022560642108911803,0.0026539283038692595,1.0,0.008588304754102776,-0.003922803151648826
rand_var_33,0.002130056810764711,0.0071015947744403765,-0.000436606859235712,-0.006037563967697892,0.003927436279218382,0.0030368785368463814,-0.001510008297680271,-0.004783688849775866,-0.0021621331747232217,0.00464288895649588,0.006287179559504223,0.0025824153674410635,-0.0009768232333099945,0.008588304754102776,1.0,-0.00023295076091042996
passed,-0.1080515565233315,0.004299838932861184,0.0019721930340551226,0.0014776097539168501,-0.0019423815566025854,0.0013224939929639139,-0.006709307627240882,-0.002576937902247023,0.0022149886959927784,0.0017697993619954211,-0.0019495879260964237,-0.0007003163257317861,-0.002684301381624971,-0.003922803151648826,-0.00023295076091042996,1.0
